PackageId,Address,City,State,Zip,Delivery deadline,Special Notes
01,195 W Oakland Ave,Salt Lake City,UT,84115,10:30 AM,
02,2530 S 500 E,Salt Lake City,UT,84106,,
03,233 Canyon Rd,Salt Lake City,UT,84103,,Truck 2
04,380 W 2880 S,Salt Lake City,UT,84115,,
05,410 S State St,Salt Lake City,UT,84111,,
06,3060 Lester St,West Valley City,UT,84119,10:30 AM,Delayed
07,1330 2100 S,Salt Lake City,UT,84106,,
08,300 State St,Salt Lake City,UT,84103,,
09,410 S State St,Salt Lake City,UT,84111,,Wrong Address
10,600 E 900 South,Salt Lake City,UT,84105,,
11,2600 Taylorsville Blvd,Salt Lake City,UT,84118,,
12,3575 W Valley Central Station bus Loop,West Valley City,UT,84119,,
13,2010 W 500 S,Salt Lake City,UT,84104,10:30 AM
14,4300 S 1300 E,Millcreek,UT,84117,10:30 AM,Same Truck
15,4580 S 2300 E,Holladay,UT,84117,9:00 AM
16,4580 S 2300 E,Holladay,UT,84117,10:30 AM,Same Truck
17,3148 S 1100 W,Salt Lake City,UT,84119,,
18,1488 4800 S,Salt Lake City,UT,84123,,Truck 2
19,177 W Price Ave,Salt Lake City,UT,84115,,
20,3595 Main St,Salt Lake City,UT,84115,10:30 AM,Same Truck
21,3595 Main St,Salt Lake City,UT,84115,,
22,6351 South 900 East,Murray,UT,84121,9:00 AM
23,5100 South 2700 West,Salt Lake City,UT,84118,,
24,5025 State St,Murray,UT,84107,,
25,5383 South 900 East #104,Salt Lake City,UT,84117,10:30 AM,Delayed
26,5383 South 900 East #104,Salt Lake City,UT,84117,,
27,1060 Dalton Ave S,Salt Lake City,UT,84104,,
28,2835 Main St,Salt Lake City,UT,84115,,
29,1330 2100 S,Salt Lake City,UT,84106,10:30 AM
30,300 State St,Salt Lake City,UT,84103,10:30 AM
31,3365 S 900 W,Salt Lake City,UT,84119,10:30 AM
32,3365 S 900 W,Salt Lake City,UT,84119,,Delayed
33,2530 S 500 E,Salt Lake City,UT,84106,,
34,4580 S 2300 E,Holladay,UT,84117,10:30 AM
35,1060 Dalton Ave S,Salt Lake City,UT,84104,,
36,2300 Parkway Blvd,West Valley City,UT,84119,,Same Truck
37,410 S State St,Salt Lake City,UT,84111,10:30 AM
38,410 S State St,Salt Lake City,UT,84111,,Same Truck
39,2010 W 500 S,Salt Lake City,UT,84104,,
40,380 W 2880 S,Salt Lake City,UT,84115,10:30 AM